query_id,run_id,date,vertical,category,field,answer,gold_phone_digits,gold_host,gold_housenumber,gold_street,gold_name,confidence,site_ok,phone_on_site,address_on_site,osm_url,osm_timestamp,biz_name,biz_phone,biz_website,biz_housenumber,biz_street,biz_city,biz_postcode,biz_cuisine,biz_lat,biz_lon
2a422ddb8e63,2026-09-30-r1,2026-09-30,restaurants,restaurant,website,satkarindiancuisines.com,,satkarindiancuisines.com,,,,high,true,true,true,https://www.openstreetmap.org/node/3836342236,2026-09-07T08:29:40Z,Satkar Indian Cuisine,+1-650-390-0776,https://satkarindiancuisines.com,1253,West El Camino Real,Sunnyvale,94087,indian,37.3752196,-122.0579243
7294b5a4fe6a,2026-09-30-r1,2026-09-30,restaurants,restaurant,address,4127 El Camino Real,,,4127,El Camino Real,,high,true,true,true,https://www.openstreetmap.org/way/168944931,2026-09-09T04:38:13Z,So Gong Dong Tofu House,+1-650-424-8805,https://paloaltotofuhouse.wordpress.com/,4127,El Camino Real,Palo Alto,94306,korean,37.4137992,-122.1253674
04d7bf864ffe,2026-09-30-r1,2026-09-30,restaurants,restaurant,phone,+1-650-858-2878,16508582878,,,,,high,true,true,true,https://www.openstreetmap.org/node/2626654815,2026-09-02T07:21:19Z,SH Hawaiian BBQ & Donuts,+1-650-858-2878,https://shhawaiianbbqdonut.shop/,3890,El Camino Real,Palo Alto,94306,hawaiian,37.4166476,-122.130417
b22ed625a0be,2026-09-30-r1,2026-09-30,restaurants,restaurant,name,Greek Spot,,,,,Greek Spot,high,true,true,true,https://www.openstreetmap.org/node/13079800842,2026-09-07T07:40:46Z,Greek Spot,+1-408-900-8239,https://greek-spot.com,604,South Mary Avenue,Sunnyvale,94087,greek,37.3711217,-122.0482145
cdac0fb28d8d,2026-09-30-r1,2026-09-30,restaurants,restaurant,website,bagocrabusa.com,,bagocrabusa.com,,,,medium,true,false,false,https://www.openstreetmap.org/node/14146007304,2026-09-04T01:42:49Z,Bag O Crab,,https://www.bagocrabusa.com/,108,East El Camino Real,Sunnyvale,94086,seafood,37.3669189,-122.0319783
aecd4a4a7e34,2026-09-30-r1,2026-09-30,restaurants,restaurant,name,Teriyaki Madness,,,,,Teriyaki Madness,medium,true,false,false,https://www.openstreetmap.org/node/14156098401,2026-09-05T19:56:59Z,Teriyaki Madness,,https://teriyakimadness.com,134,East El Camino Real,Sunnyvale,94086,japanese,37.3648436,-122.0313778
bc225d59cc35,2026-09-30-r1,2026-09-30,restaurants,restaurant,phone,+1 650 2095198,16502095198,,,,,high,true,true,true,https://www.openstreetmap.org/way/304760976,2026-05-17T01:53:14Z,Sourdough & Co.,+1 650 2095198,https://www.sourdoughandco.com/mountain-view,530,Showers Drive,Mountain View,94040,sandwich,37.4017563,-122.1078548
8eb4a2f678f4,2026-09-30-r1,2026-09-30,restaurants,restaurant,address,911B East Duane Avenue,,,911B,East Duane Avenue,,high,true,true,false,https://www.openstreetmap.org/node/13248741301,2025-11-07T19:02:17Z,Halal Fried Chicken,+1-408-542-9570,https://www.hfcamerica.com,911B,East Duane Avenue,Sunnyvale,,american,37.3891057,-122.0043959
0119f2a50bf6,2026-09-30-r1,2026-09-30,restaurants,restaurant,website,casalupemountainview.com,,casalupemountainview.com,,,,high,true,true,true,https://www.openstreetmap.org/node/2199903066,2026-07-11T06:47:08Z,Casa Lupe,+1-650-965-2944,https://www.casalupemountainview.com,459,Castro Street,Mountain View,94041,mexican,37.3906693,-122.080667
d5cebbddbf6d,2026-09-30-r1,2026-09-30,restaurants,restaurant,name,Dumpling Depot,,,,,Dumpling Depot,high,true,false,true,https://www.openstreetmap.org/node/2813722319,2023-10-16T17:22:06Z,Dumpling Depot,,https://www.dumplingdepot.com/,562,South Murphy Avenue,Sunnyvale,94086,chinese,37.3694719,-122.0322151
9af992c83ab3,2026-09-30-r1,2026-09-30,restaurants,restaurant,phone,+1-650-405-6000,16504056000,,,,,high,true,true,true,https://www.openstreetmap.org/node/14016666251,2026-07-15T08:58:36Z,Adachi,+1-650-405-6000,https://sushiadachi.com/,409,San Antonio Road,Mountain View,94040,sushi,37.4035342,-122.1103168
d6ef79b31326,2026-09-30-r1,2026-09-30,restaurants,restaurant,address,425 South California Avenue,,,425,South California Avenue,,high,true,true,true,https://www.openstreetmap.org/node/13305745466,2025-11-15T04:46:01Z,Lotus Thai Bistro,+1-650-289-0907,https://www.lotusthaibistro.com/,425,South California Avenue,Palo Alto,94306,thai,37.4260788,-122.1447984
754454c2f9e3,2026-09-30-r1,2026-09-30,restaurants,restaurant,phone,+1 650 290 1234,16502901234,,,,,high,true,true,true,https://www.openstreetmap.org/way/390276948,2022-05-02T17:40:46Z,Lados,+1 650 290 1234,https://ladosfood.com,115,Plaza Drive,Sunnyvale,94089,pakistani,37.4029389,-122.0211686
3a1db7e99a5f,2026-09-30-r1,2026-09-30,restaurants,restaurant,website,kabulrestaurant.net,,kabulrestaurant.net,,,,high,true,true,true,https://www.openstreetmap.org/node/3537007146,2025-10-06T03:28:13Z,Kabul,+1-408-245-4350,https://www.kabulrestaurant.net/,351,West Washington Avenue,Sunnyvale,94086,afghan,37.3767791,-122.033272
5aeb18e37fa7,2026-09-30-r1,2026-09-30,restaurants,restaurant,address,545 San Antonio Road,,,545,San Antonio Road,,high,true,true,true,https://www.openstreetmap.org/node/3441175105,2026-07-15T04:40:34Z,Pacific Catch,+1-650-941-1810,https://pacificcatch.com/locations/mountain-view/,545,San Antonio Road,Mountain View,94040,seafood,37.403218,-122.1115538
0af411c633ab,2026-09-30-r1,2026-09-30,restaurants,restaurant,name,Il Fornaio,,,,,Il Fornaio,high,true,false,true,https://www.openstreetmap.org/node/4609011999,2026-07-15T04:40:34Z,Il Fornaio,,https://www.ilfornaio.com/location/mountain-view/,545,San Antonio Road,Mountain View,94040,italian,37.4033341,-122.1119599
b458b1cb7a76,2026-09-30-r1,2026-09-30,restaurants,restaurant,phone,+1-650-967-7477,16509677477,,,,,high,true,true,true,https://www.openstreetmap.org/node/3760951657,2025-11-07T19:01:44Z,Baji's Cafe,+1-650-967-7477,https://bajiscafe.com/,2423,Old Middlefield Way,Mountain View,94043,american,37.414497,-122.098024
312e80cc4631,2026-09-30-r1,2026-09-30,restaurants,restaurant,name,Udon Mugizo,,,,,Udon Mugizo,medium,true,false,false,https://www.openstreetmap.org/node/13977025878,2026-07-07T06:09:51Z,Udon Mugizo,+1-650-961-8880,https://mugizo-us.com,180,Castro Street,Mountain View,,noodle,37.3942,-122.0789756
412cb05abf8c,2026-09-30-r1,2026-09-30,restaurants,restaurant,address,853 Villa Street,,,853,Villa Street,,low,false,false,false,https://www.openstreetmap.org/node/344561369,2026-07-01T01:17:44Z,Phở Tô Châu,+1 650-961-8069,,853,Villa Street,Mountain View,,vietnamese,37.3939064,-122.0796563
13d2a9a2f63f,2026-09-30-r1,2026-09-30,restaurants,restaurant,phone,+1 650 3260983,16503260983,,,,,low,false,false,false,https://www.openstreetmap.org/way/132527968,2025-12-29T06:18:56Z,Evvia Estiatorio,+1 650 3260983,https://evvia.net/,420,Emerson Street,Palo Alto,,greek,37.4450614,-122.1638157
3fca896ee612,2026-09-30-r1,2026-09-30,food_drink,ice_cream,address,279 West Washington Avenue,,,279,West Washington Avenue,,high,true,true,true,https://www.openstreetmap.org/node/3537007145,2026-08-31T02:25:25Z,Nature's Organic Ice Cream,+1-408-962-0285,https://naturesorganicicecream.com,279,West Washington Avenue,Sunnyvale,94086,,37.376559,-122.0322571
16bddeb12336,2026-09-30-r1,2026-09-30,food_drink,cafe,name,Goodthing,,,,,Goodthing,medium,true,false,false,https://www.openstreetmap.org/node/13415109116,2026-09-22T21:10:20Z,Goodthing,,https://goodthing.coffee/,532,Ramona Street,Palo Alto,94301,coffee shop,37.444844,-122.1616767
620b4fe74222,2026-09-30-r1,2026-09-30,food_drink,cafe,website,signalcoffee.com,,signalcoffee.com,,,,medium,true,false,false,https://www.openstreetmap.org/node/14197386338,2026-09-19T19:23:05Z,SIGNAL Coffee Roasters,,https://www.signalcoffee.com/,121,West Washington Avenue,Sunnyvale,94086,,37.3761346,-122.0306644
cca2ebef6fff,2026-09-30-r1,2026-09-30,food_drink,cafe,name,SIGNAL Coffee (Sunday Pop Up),,,,,SIGNAL Coffee (Sunday Pop Up),medium,true,false,false,https://www.openstreetmap.org/node/14197425077,2026-09-19T19:31:04Z,SIGNAL Coffee (Sunday Pop Up),,https://signalcoffee.com/,400,South California Avenue,Palo Alto,94306,,37.4252882,-122.1458875
e807060be3b1,2026-09-30-r1,2026-09-30,food_drink,cafe,phone,+1-650-322-8644,16503228644,,,,,high,true,true,true,https://www.openstreetmap.org/node/486624281,2025-11-15T04:01:54Z,Palo Alto Cafe,+1-650-322-8644,https://paloaltoroastingco.com/,2675,Middlefield Road,Palo Alto,94306,coffee shop,37.4339549,-122.1296405
7ac6f7cb23af,2026-09-30-r1,2026-09-30,food_drink,cafe,phone,+1-650-764-0110,16507640110,,,,,high,true,true,true,https://www.openstreetmap.org/way/232276157,2026-07-28T04:55:32Z,Yutori,+1-650-764-0110,https://www.yutori-pa.com/,3375,El Camino Real,Palo Alto,94306,tea,37.420136,-122.1358625
e0ef0c7405a5,2026-09-30-r1,2026-09-30,food_drink,bar,website,fuegosportsbarandclub.com,,fuegosportsbarandclub.com,,,,high,true,false,true,https://www.openstreetmap.org/node/2703532209,2023-11-19T02:37:29Z,Fuego Sports Bar and Club,,https://www.fuegosportsbarandclub.com,140,South Murphy Avenue,Sunnyvale,94086,american,37.376947,-122.02983
9d47d5736698,2026-09-30-r1,2026-09-30,food_drink,cafe,address,3700 Middlefield Road,,,3700,Middlefield Road,,high,true,true,true,https://www.openstreetmap.org/node/8512288132,2025-11-01T12:18:06Z,Ada's Cafe,+1 650-327-2327,https://www.adascafe.org/,3700,Middlefield Road,Palo Alto,94303,,37.4221875,-122.1131623
3ad90d2e2bdd,2026-09-30-r1,2026-09-30,food_drink,cafe,name,Kal's Bar-B-Q,,,,,Kal's Bar-B-Q,high,true,false,true,https://www.openstreetmap.org/way/395892801,2025-08-28T00:24:12Z,Kal's Bar-B-Q,,https://orderkalsbbq.com,425,North Mathilda Avenue,Sunnyvale,,burger,37.3871631,-122.0314764
b95fadb659f7,2026-09-30-r1,2026-09-30,food_drink,bakery,address,1100 West El Camino Real,,,1100,West El Camino Real,,high,true,true,true,https://www.openstreetmap.org/node/8530178858,2025-11-07T19:01:54Z,Passage to India Bakery,+1-650-964-5532,https://www.passagetoindia.net/mountain-view/about/,1100,West El Camino Real,Mountain View,94040,indian,37.3876281,-122.0872058
f058c67bc490,2026-09-30-r1,2026-09-30,food_drink,bakery,website,topicakes.com,,topicakes.com,,,,high,true,false,true,https://www.openstreetmap.org/node/2697101131,2025-11-15T04:01:54Z,Topi,,https://topicakes.com,2305,El Camino Real,Palo Alto,,,37.4256247,-122.1464683
8af49f04b3c6,2026-09-30-r1,2026-09-30,food_drink,tea_shop,phone,+1-650-328-2877,16503282877,,,,,high,true,true,true,https://www.openstreetmap.org/node/13415109119,2026-05-02T04:50:13Z,Tea Time,+1-650-328-2877,https://www.tea-time.com,542,Ramona Street,Palo Alto,94301,,37.4446984,-122.1614539
3753c7b05097,2026-09-30-r1,2026-09-30,food_drink,pastry,address,499 Lytton Avenue,,,499,Lytton Avenue,,high,true,false,true,https://www.openstreetmap.org/way/120317227,2025-12-30T03:13:16Z,Mademoiselle Colette,,https://www.mademoisellecolette.com/,499,Lytton Avenue,Palo Alto,,,37.4491029,-122.1607073
88058428b77b,2026-09-30-r1,2026-09-30,food_drink,cafe,name,Mochi Waffle Corner,,,,,Mochi Waffle Corner,high,true,false,true,https://www.openstreetmap.org/node/4782993683,2026-06-20T01:27:08Z,Mochi Waffle Corner,,https://mochiwafflecorner.com/,805,East El Camino Real,Mountain View,94040,bubble tea,37.3756015,-122.0622001
9e8559e03617,2026-09-30-r1,2026-09-30,food_drink,cafe,website,teazzisunnyvale.com,,teazzisunnyvale.com,,,,high,true,false,true,https://www.openstreetmap.org/node/12847527539,2026-07-08T23:53:27Z,Teazzi,,https://www.teazzisunnyvale.com,200,West McKinley Avenue,Sunnyvale,94086,bubble tea,37.3744531,-122.032494
1a213512fde3,2026-09-30-r1,2026-09-30,food_drink,cafe,address,401 Willow Avenue,,,401,Willow Avenue,,high,true,false,true,https://www.openstreetmap.org/node/12597272301,2025-06-14T17:44:56Z,Coffeebar Sunnyvale,,https://coffeebar.com/locations/,401,Willow Avenue,Sunnyvale,94086,coffee shop,37.3702427,-121.9971071
f73ef850cd56,2026-09-30-r1,2026-09-30,food_drink,pub,phone,+1-408-749-8373,14087498373,,,,,high,true,true,true,https://www.openstreetmap.org/node/4027106607,2025-12-20T20:59:30Z,Fibbar MaGees,+1-408-749-8373,https://fibbars.com,156,South Murphy Avenue,Sunnyvale,94086,,37.3766765,-122.030039
43beb5ff0549,2026-09-30-r1,2026-09-30,food_drink,cafe,website,redrockcoffee.com,,redrockcoffee.com,,,,high,true,true,true,https://www.openstreetmap.org/node/343135403,2026-06-30T06:42:55Z,Red Rock Coffee,+1-650-967-4473,https://redrockcoffee.com,201,Castro Street,Mountain View,94041,,37.3936438,-122.0788638
a3ad219c6dc8,2026-09-30-r1,2026-09-30,food_drink,cafe,name,Ume Tea,,,,,Ume Tea,medium,true,false,false,https://www.openstreetmap.org/node/1576036876,2026-07-01T01:17:44Z,Ume Tea,,https://umeteaca.com/,220,Castro Street,Mountain View,,bubble tea,37.3936206,-122.0793589
e24642521fbe,2026-09-30-r1,2026-09-30,food_drink,ice_cream,website,iciclescreamroll.com,,iciclescreamroll.com,,,,medium,true,false,false,https://www.openstreetmap.org/node/3224283661,2026-07-01T01:17:44Z,Ice Cream Kween,,https://www.iciclescreamroll.com/,292,Castro Street,Mountain View,,,37.3927738,-122.0798241
3967bb6c46a0,2026-09-30-r1,2026-09-30,lodging,hotel,phone,+1 650 3272775,16503272775,,,,,high,true,true,false,https://www.openstreetmap.org/way/132527994,2019-02-19T19:53:05Z,Hotel Keen,+1 650 3272775,https://www.hotelkeen.com/,425,High Street,Palo Alto,,,37.444787,-122.1640488
e88cead9bebd,2026-09-30-r1,2026-09-30,lodging,hotel,website,domainhotelsv.com,,domainhotelsv.com,,,,high,true,false,true,https://www.openstreetmap.org/way/37892693,2025-08-27T18:50:25Z,The Domain Hotel,,https://www.domainhotelsv.com/,1085,East El Camino Real,Sunnyvale,94087,,37.352856,-122.0020835
a76fc375c5ae,2026-09-30-r1,2026-09-30,lodging,hotel,address,865 West El Camino Real,,,865,West El Camino Real,,high,true,false,true,https://www.openstreetmap.org/way/1317301271,2025-08-27T18:50:26Z,The Grand Hotel,,https://www.svgrandhotel.com/,865,West El Camino Real,Sunnyvale,94087,,37.3710474,-122.0426297
8d7d41980b82,2026-09-30-r1,2026-09-30,lodging,hotel,name,Corporate Inn Sunnyvale,,,,,Corporate Inn Sunnyvale,high,true,true,true,https://www.openstreetmap.org/relation/5743849,2021-03-10T05:38:05Z,Corporate Inn Sunnyvale,+1-408-220-1000,https://www.corpinn.com/,805,East El Camino Real,Sunnyvale,94087,,37.355795,-122.0167636
20a8cefa4ced,2026-09-30-r1,2026-09-30,lodging,hotel,phone,+1-650-420-2600,16504202600,,,,,high,true,true,true,https://www.openstreetmap.org/relation/16198221,2024-01-11T04:19:07Z,Shashi Hotel,+1-650-420-2600,https://www.shashihotel.com/,1625,North Shoreline Boulevard,Mountain View,,,37.4168712,-122.0773073
ee61f9500f07,2026-09-30-r1,2026-09-30,lodging,motel,name,Coronet Motel,,,,,Coronet Motel,high,true,true,true,https://www.openstreetmap.org/way/120616093,2023-12-31T03:07:56Z,Coronet Motel,+1 650 326-1081,http://www.coronetmotel.net/,2455,El Camino Real,Palo Alto,94306,,37.4250326,-122.1449635
1ea367bcbb64,2026-09-30-r1,2026-09-30,lodging,hotel,website,theameswellhotel.com,,theameswellhotel.com,,,,high,true,false,true,https://www.openstreetmap.org/way/731230136,2026-04-07T02:36:31Z,The Ameswell Hotel,,https://www.theameswellhotel.com/,800,Moffett Boulevard,Mountain View,94043,,37.4070329,-122.0674999
38b7779d1b1d,2026-09-30-r1,2026-09-30,lodging,hotel,address,4238 El Camino Real,,,4238,El Camino Real,,high,true,true,true,https://www.openstreetmap.org/way/232376383,2023-09-15T06:07:22Z,The Palo Alto Inn,+1 650 493 4222,https://www.thepaloaltoinn.com/,4238,El Camino Real,Palo Alto,94306,,37.4075726,-122.1217342
458e6c8025ed,2026-09-30-r1,2026-09-30,lodging,hotel,address,19 North Akron Road,,,19,North Akron Road,,medium,true,false,false,https://www.openstreetmap.org/way/41841272,2024-12-31T07:01:46Z,NASA Ames Exchange Lodge,,https://naccenter.arc.nasa.gov/links.php#lodge,19,North Akron Road,Mountain View,94043,,37.4122311,-122.0590418
9f621a3c302f,2026-09-30-r1,2026-09-30,lodging,motel,name,Oak Motel,,,,,Oak Motel,medium,true,false,false,https://www.openstreetmap.org/way/1111711230,2026-07-27T16:24:14Z,Oak Motel,,https://www.oakmotel.com,4279,El Camino Real,Palo Alto,94306,,37.4071176,-122.1196367
e78cb7072afe,2026-09-30-r1,2026-09-30,lodging,hotel,phone,+1 650 965 2859,16509652859,,,,,medium,true,false,false,https://www.openstreetmap.org/way/378490804,2025-10-28T15:11:11Z,Hotel Zico,+1 650 965 2859,https://www.hotelzico.com/,200,East El Camino Real,Mountain View,94040,,37.3796876,-122.0685735
fba5a9e15fe4,2026-09-30-r1,2026-09-30,lodging,hotel,name,Hotel Vue,,,,,Hotel Vue,low,false,false,false,https://www.openstreetmap.org/way/257646446,2025-11-07T19:02:35Z,Hotel Vue,+1-650-965-0585,https://www.hotelvue.com/,64,West El Camino Real,Mountain View,94040,,37.3814476,-122.0741313
b48d0b96d385,2026-09-30-r1,2026-09-30,lodging,hotel,phone,+1-408-733-7950,14087337950,,,,,low,false,false,false,https://www.openstreetmap.org/way/798871244,2023-12-31T05:43:08Z,AC Hotel by Marriott Sunnyvale Cupertino,+1-408-733-7950,,1235,Bordeaux Drive,Sunnyvale,94089,,37.4122544,-122.0226316
11f3d102ecd2,2026-09-30-r1,2026-09-30,lodging,hotel,address,940 West Weddell Drive,,,940,West Weddell Drive,,low,false,false,false,https://www.openstreetmap.org/relation/12025793,2024-03-23T16:48:28Z,Comfort Inn Sunnyvale - Silicon Valley,+1 408-734-9519,https://www.choicehotels.com/california/sunnyvale/comfort-inn-hotels/caa94,940,West Weddell Drive,Sunnyvale,94089,,37.3995591,-122.0256942
3467dcf2c248,2026-09-30-r1,2026-09-30,lodging,hotel,address,4156 El Camino Real,,,4156,El Camino Real,,low,false,false,false,https://www.openstreetmap.org/way/232376093,2019-02-20T00:10:24Z,Hotel Zen,,https://www.thezenhotel.com/,4156,El Camino Real,Palo Alto,,,37.4120268,-122.1252491
6c2a74fecbd7,2026-09-30-r1,2026-09-30,lodging,motel,name,Wittle Inn,,,,,Wittle Inn,low,false,false,false,https://www.openstreetmap.org/way/221510773,2021-01-28T08:01:39Z,Wittle Inn,+1-408-736-3746,,579,South Murphy Avenue,Sunnyvale,94086,,37.369102,-122.0330535
45e55ad8c7f4,2026-09-30-r1,2026-09-30,lodging,hotel,phone,+1-650-322-9000,16503229000,,,,,low,false,false,false,https://www.openstreetmap.org/relation/5958398,2025-11-07T19:03:11Z,Garden Court Hotel,+1-650-322-9000,,520,Cowper Street,Palo Alto,94301,,37.4477471,-122.1590624
400501469951,2026-09-30-r1,2026-09-30,lodging,hotel,name,The Nest,,,,,The Nest,low,false,false,false,https://www.openstreetmap.org/way/232153375,2019-05-27T05:43:39Z,The Nest,,http://nestpaloalto.com/,3901,El Camino Real,Palo Alto,,,37.4172067,-122.1290549
2fe339a74c98,2026-09-30-r1,2026-09-30,lodging,hotel,phone,+1-650-857-0333,16508570333,,,,,low,false,false,false,https://www.openstreetmap.org/way/232667838,2025-11-07T19:02:35Z,Stanford Terrace Inn,+1-650-857-0333,,531,Stanford Avenue,Palo Alto,94306,,37.4269492,-122.1494584
25544c09976f,2026-09-30-r1,2026-09-30,personal_care,massage,website,massagetherapypaloalto.com,,massagetherapypaloalto.com,,,,high,true,true,true,https://www.openstreetmap.org/node/11449833951,2026-09-24T19:54:49Z,Massage Therapy Center,+1-650-328-9400,https://www.massagetherapypaloalto.com/,368,South California Avenue,Palo Alto,94306,,37.4268427,-122.1446622
fda33ad0109b,2026-09-30-r1,2026-09-30,personal_care,gym,name,KidStrong,,,,,KidStrong,high,true,false,true,https://www.openstreetmap.org/node/14136237701,2026-08-31T02:21:03Z,KidStrong,,https://sunnyvale-ca.kidstrong.com/,331,West Washington Avenue,Sunnyvale,94086,,37.3766854,-122.0329385
77f250e8d4cb,2026-09-30-r1,2026-09-30,personal_care,hairdresser,address,570 North Shoreline Boulevard,,,570,North Shoreline Boulevard,,low,false,false,false,https://www.openstreetmap.org/node/4392976746,2026-09-19T06:16:50Z,Squire Barber Shop,+1-650-996-2293,,570,North Shoreline Boulevard,Mountain View,94043,,37.4024799,-122.0796694
8e7a26278ccb,2026-09-30-r1,2026-09-30,personal_care,massage,phone,+1-650-384-6320,16503846320,,,,,low,false,false,false,https://www.openstreetmap.org/node/2626654824,2026-09-02T07:21:19Z,Eden Spa,+1-650-384-6320,,3886,El Camino Real,Palo Alto,94306,,37.4166942,-122.1305085
bb5d1136e854,2026-09-30-r1,2026-09-30,personal_care,beauty,name,Savoir Faire Beauty Salon & Spa,,,,,Savoir Faire Beauty Salon & Spa,low,false,false,false,https://www.openstreetmap.org/node/8735359321,2026-09-21T03:17:27Z,Savoir Faire Beauty Salon & Spa,,https://savoir-faire-beauty-salon.business.site/,1631,Hollenbeck Avenue,Sunnyvale,94087,,37.340112,-122.042783
e65576c0a992,2026-09-30-r1,2026-09-30,personal_care,gym,website,activeagefitness.com,,activeagefitness.com,,,,high,true,true,true,https://www.openstreetmap.org/node/1843364383,2026-05-07T11:55:25Z,Active Age Fitness,+1 408-524-0600,https://www.activeagefitness.com/,1257,South Mary Avenue,Sunnyvale,94087,,37.3537322,-122.0512949
c20362ecbc1f,2026-09-30-r1,2026-09-30,personal_care,hairdresser,address,232 Stanford Shopping Center,,,232,Stanford Shopping Center,,high,true,false,true,https://www.openstreetmap.org/node/2565271197,2023-12-31T03:07:56Z,Hair International,,https://hairintl.com/,232,Stanford Shopping Center,Palo Alto,94304,,37.4424258,-122.170778
b3b9ecb79390,2026-09-30-r1,2026-09-30,personal_care,hairdresser,phone,+1 408-730-9917,14087309917,,,,,high,true,true,true,https://www.openstreetmap.org/node/2800104020,2025-06-20T01:43:06Z,Hair Galleria,+1 408-730-9917,https://www.hgalleria.com/,201,South Mary Avenue,Sunnyvale,94086,,37.3785992,-122.0467117
3872a0c343ed,2026-09-30-r1,2026-09-30,personal_care,beauty,website,heavenlynailandspa.com,,heavenlynailandspa.com,,,,high,true,false,true,https://www.openstreetmap.org/node/9946382883,2023-01-19T00:15:52Z,Heavenly Nail & Spa,,https://heavenlynailandspa.com/,4222,El Camino Real,Palo Alto,94306,,37.4089998,-122.1225296
834bf79d0deb,2026-09-30-r1,2026-09-30,personal_care,hairdresser,phone,+1-650-988-8822,16509888822,,,,,high,true,true,true,https://www.openstreetmap.org/node/2157948556,2026-07-02T07:15:08Z,Essence Salon,+1-650-988-8822,https://essencesalon.com/,826,West Dana Street,Mountain View,94041,,37.3927967,-122.080058
723caec9c018,2026-09-30-r1,2026-09-30,personal_care,hairdresser,address,450 East El Camino Real,,,450,East El Camino Real,,high,true,false,true,https://www.openstreetmap.org/node/10038438278,2022-09-20T04:11:19Z,A+ Haircuts For Men,,https://www.aplushaircutsformeninc.com/,450,East El Camino Real,Sunnyvale,94087,,37.3636692,-122.0288583
ef999c23be34,2026-09-30-r1,2026-09-30,personal_care,gym,name,Crave Yoga,,,,,Crave Yoga,high,true,true,true,https://www.openstreetmap.org/node/13608815502,2026-05-11T15:56:52Z,Crave Yoga,+1 650 533 3724,https://www.craveyoga-mv.com/,257A,Moffett Boulevard,Mountain View,94043,,37.396807,-122.0766123
825a8354aa28,2026-09-30-r1,2026-09-30,personal_care,gym,address,2482 West El Camino Real,,,2482,West El Camino Real,,high,true,true,false,https://www.openstreetmap.org/way/381344652,2022-11-11T02:29:31Z,Fit Theory Studio,+1 650 479 6286,https://fittheorystudio.com/,2482,West El Camino Real,Mountain View,94040,,37.3993562,-122.1092776
cf11c422e588,2026-09-30-r1,2026-09-30,personal_care,beauty,name,Beautiful Moon Salon,,,,,Beautiful Moon Salon,high,true,false,true,https://www.openstreetmap.org/way/132883434,2025-12-30T01:28:07Z,Beautiful Moon Salon,,https://booksy.com/en-us/552354_beautiful-moon-salon_skin-care_103401_palo-alto,464,University Avenue,Palo Alto,94301,,37.4477524,-122.1595017
9d2a24e4970b,2026-09-30-r1,2026-09-30,personal_care,massage,website,stanfordmassagewellnessbeauty.com,,stanfordmassagewellnessbeauty.com,,,,high,true,true,true,https://www.openstreetmap.org/node/13437099564,2026-01-08T05:32:30Z,Stanford Wellness,+1-650-254-3868,https://stanfordmassagewellnessbeauty.com,433,El Camino Real,Palo Alto,,,37.4499383,-122.1767245
3d7bc1511bf2,2026-09-30-r1,2026-09-30,personal_care,beauty,phone,+1 669-732-9685,16697329685,,,,,high,true,false,true,https://www.openstreetmap.org/node/12398788068,2024-12-05T23:24:48Z,Revive Med Spa,+1 669-732-9685,https://revive.md/locations/ca/sunnyvale/,300,West McKinley Avenue,Sunnyvale,94086,,37.374628,-122.0338575
c38566831159,2026-09-30-r1,2026-09-30,personal_care,hairdresser,phone,+1-650-282-5505,16502825505,,,,,high,true,true,true,https://www.openstreetmap.org/node/3224283961,2026-07-02T07:15:08Z,Stocks & Blondes Salon,+1-650-282-5505,https://stocksandblondessalon.com/,282,Castro Street,Mountain View,94041,,37.3928397,-122.079796
25947165ac71,2026-09-30-r1,2026-09-30,personal_care,beauty,website,salonrepublic.com,,salonrepublic.com,,,,high,true,false,true,https://www.openstreetmap.org/node/9569596735,2026-07-31T06:49:32Z,Salon Republic,,https://salonrepublic.com/sunnyvale/,200,West McKinley Avenue,Sunnyvale,94086,,37.3743878,-122.0322343
f359c578d13e,2026-09-30-r1,2026-09-30,personal_care,beauty,name,Sugar Spa,,,,,Sugar Spa,high,true,true,false,https://www.openstreetmap.org/node/2217251246,2026-06-30T06:42:55Z,Sugar Spa,+1-650-383-8353,https://www.sugarspa.net/,746,Villa Street,Mountain View,94041-1327,,37.3937436,-122.07849
0d3eaf1644ac,2026-09-30-r1,2026-09-30,personal_care,massage,address,1307 South Mary Avenue,,,1307,South Mary Avenue,,high,true,false,true,https://www.openstreetmap.org/node/8670883796,2021-04-27T07:13:17Z,The Art of Healing By Vanessa,,https://www.vanessahealing.com/,1307,South Mary Avenue,Sunnyvale,94087,,37.3502689,-122.0508782
922a9cee5d69,2026-09-30-r1,2026-09-30,health,dentist,name,Dental Zone,,,,,Dental Zone,high,true,true,false,https://www.openstreetmap.org/node/5127223601,2026-09-21T16:31:12Z,Dental Zone,+1-650-858-2028,https://dentalzonemountainview.com/,327A,Moffett Boulevard,Mountain View,,,37.3981579,-122.075501
6e58b47c958b,2026-09-30-r1,2026-09-30,health,physio,address,189 West El Camino Real,,,189,West El Camino Real,,high,true,false,true,https://www.openstreetmap.org/node/14136247002,2026-08-31T02:40:38Z,Therapy Dia,,https://therapydiacalifornia.com/sunnyvale-physical-therapy/,189,West El Camino Real,Sunnyvale,94086,,37.3687713,-122.0336967
ca025b4f40cd,2026-09-30-r1,2026-09-30,health,vet,website,serravet.com,,serravet.com,,,,high,true,true,true,https://www.openstreetmap.org/way/261404686,2019-02-19T23:44:06Z,Serra Veterinary Hospital,+1 408 739 3545,https://serravet.com/,520,West Fremont Avenue,Sunnyvale,94087,,37.3517246,-122.033157
805d9ca2bda7,2026-09-30-r1,2026-09-30,health,dentist,phone,+1-408-739-4560,14087394560,,,,,high,true,true,false,https://www.openstreetmap.org/node/4576670646,2022-03-11T19:48:57Z,Lindi Henell DDS,+1-408-739-4560,https://www.lindidds.com/,584,South Mathilda Avenue,Sunnyvale,94086,,37.3699145,-122.036343
c1d1c1abf116,2026-09-30-r1,2026-09-30,health,dentist,phone,+1 408 720 0900,14087200900,,,,,high,true,true,true,https://www.openstreetmap.org/node/2625232588,2022-03-11T19:48:57Z,Sunnyvale Dental Care,+1 408 720 0900,https://sunnyvaledentalcare.net/,152,West El Camino Real,Sunnyvale,,,37.3677479,-122.033633
146d519630fb,2026-09-30-r1,2026-09-30,health,vet,website,altaviewvets.com,,altaviewvets.com,,,,high,true,true,false,https://www.openstreetmap.org/way/130848679,2026-05-17T01:53:14Z,Alta View Animal Hospital,+1 650-948-1021,https://altaviewvets.com/,890,Showers Drive,Mountain View,94040,,37.4000434,-122.1099974
8542fc14c293,2026-09-30-r1,2026-09-30,health,dentist,address,2700 Middlefield Road,,,2700,Middlefield Road,,high,true,true,true,https://www.openstreetmap.org/node/2399562220,2023-12-27T04:33:34Z,Palo Alto Dental Wellness,+1-650-322-7239,http://www.paloaltodentalwellness.com/,2700,Middlefield Road,Palo Alto,,,37.4332278,-122.1296607
0f79a6ad71d1,2026-09-30-r1,2026-09-30,health,dentist,name,Beech & Reid Oral & Dental Implant Surgery,,,,,Beech & Reid Oral & Dental Implant Surgery,high,true,false,true,https://www.openstreetmap.org/way/1371008039,2025-03-25T01:33:55Z,Beech & Reid Oral & Dental Implant Surgery,,https://www.beechreidoralsurgery.com/locations/oral-surgery-sunnyvale-ca,1565,Hollenbeck Avenue,Sunnyvale,94087,,37.3414674,-122.0424261
cd0888a8f28a,2026-09-30-r1,2026-09-30,health,clinic,website,paloaltomindbody.com,,paloaltomindbody.com,,,,high,true,false,true,https://www.openstreetmap.org/way/164552343,2025-11-15T04:01:54Z,Palo Alto Mind Body,,https://www.paloaltomindbody.com/,206,South California Avenue,Palo Alto,94306,,37.4284516,-122.143488
d031ce1ec2e3,2026-09-30-r1,2026-09-30,health,vet,name,Sunnyvale Veterinary Cat Clinic,,,,,Sunnyvale Veterinary Cat Clinic,high,true,true,true,https://www.openstreetmap.org/way/1488730791,2026-03-14T05:47:59Z,Sunnyvale Veterinary Cat Clinic,+1-408-736-8296,https://sunnyvalevet.com/cat-clinic,1010,West El Camino Real,Sunnyvale,94087,,37.3715749,-122.0492929
52ffbb2baecf,2026-09-30-r1,2026-09-30,health,dentist,address,1565 Hollenbeck Avenue,,,1565,Hollenbeck Avenue,,high,true,false,true,https://www.openstreetmap.org/way/1371008035,2025-03-25T01:33:55Z,Sunnyvale Pediatric Dentistry,,https://bayareakidsdentist.com/sunnyvale/,1565,Hollenbeck Avenue,Sunnyvale,94087,,37.3414853,-122.0421887
651be0e2c9a4,2026-09-30-r1,2026-09-30,health,clinic,website,stanfordhealthcare.org,,stanfordhealthcare.org,,,,high,true,false,true,https://www.openstreetmap.org/way/109150501,2024-08-25T14:55:36Z,Hoover Pavilion,,https://stanfordhealthcare.org/tools/maps/clinics/hoover-pavilion.html,211,Quarry Road,Palo Alto,,,37.4414443,-122.16865
00d6d33400fb,2026-09-30-r1,2026-09-30,health,dentist,address,1565 Hollenbeck Avenue,,,1565,Hollenbeck Avenue,,high,true,false,true,https://www.openstreetmap.org/way/1371008047,2025-03-25T01:33:55Z,Griffith Family Dental,,https://griffithfamilydental.org/services/,1565,Hollenbeck Avenue,Sunnyvale,94087,,37.3416413,-122.0427244
8778ae3a7a21,2026-09-30-r1,2026-09-30,health,dentist,name,Khuu Dentistry,,,,,Khuu Dentistry,high,true,false,true,https://www.openstreetmap.org/node/2219006531,2023-11-13T21:14:45Z,Khuu Dentistry,,https://www.khuudentistry.com/,889,Castro Street,Mountain View,,,37.3864362,-122.0832931
a3a08eda8010,2026-09-30-r1,2026-09-30,health,dentist,phone,+1-650-503-6777,16505036777,,,,,high,true,true,true,https://www.openstreetmap.org/node/4303214311,2025-11-07T19:01:44Z,Blue Turtle Dental,+1-650-503-6777,https://blueturtledental.com/,2290,Birch Street,Palo Alto,,,37.4279138,-122.1451465
650b814fd567,2026-09-30-r1,2026-09-30,health,vet,phone,+1 650-999-3505,16509993505,,,,,high,true,true,true,https://www.openstreetmap.org/way/232153376,2025-06-30T16:58:16Z,Veterinary Emergency Group,+1 650-999-3505,https://www.veterinaryemergencygroup.com/locations/california/palo-alto,3903,El Camino Real,Palo Alto,94306-3319,,37.4168581,-122.1295722
e1f853ad6fcb,2026-09-30-r1,2026-09-30,health,optician,name,Cambridge Optometry,,,,,Cambridge Optometry,high,true,false,true,https://www.openstreetmap.org/node/1432253339,2026-08-03T14:27:59Z,Cambridge Optometry,,https://www.cambridgeoptometry.com/,2307,Birch Street,Palo Alto,,,37.4279409,-122.144716
f5770901cd17,2026-09-30-r1,2026-09-30,health,doctors,phone,+1-650-433-8621,16504338621,,,,,high,true,true,true,https://www.openstreetmap.org/node/11174397626,2025-12-05T04:29:20Z,Illuminate Plastic Surgery,+1-650-433-8621,https://www.illuminateplasticsurgery.com/,101,Addison Avenue,Palo Alto,94301,,37.4400608,-122.158238
a74d2ce55d5a,2026-09-30-r1,2026-09-30,health,optician,website,wilbyoptical.com,,wilbyoptical.com,,,,high,true,true,false,https://www.openstreetmap.org/node/1747948329,2025-12-03T03:37:13Z,Wilby Optical,+1-650-326-9111,https://www.wilbyoptical.com/,855,Town and Country Village,Palo Alto,94301,,37.4389265,-122.1589256
910a0bc4ccee,2026-09-30-r1,2026-09-30,health,optician,address,2500 Hospital Drive,,,2500,Hospital Drive,,low,false,false,false,https://www.openstreetmap.org/node/2616656792,2025-12-11T10:18:07Z,Benchworks Optical,+1 650 965 7084,https://www.benchworksoptical.com/,2500,Hospital Drive,Mountain View,94040,,37.3690774,-122.08248
ac65297d5e62,2026-09-30-r1,2026-09-30,retail,jewelry,address,2778 Middlefield Road,,,2778,Middlefield Road,,high,true,true,true,https://www.openstreetmap.org/node/11464538710,2023-12-29T03:30:04Z,Pacific Precious Metals,+1 408-337-0332,https://pacificpreciousmetals.com,2778,Middlefield Road,Palo Alto,,,37.4325973,-122.1286595
fb1c2b28e669,2026-09-30-r1,2026-09-30,retail,jewelry,website,shreve.com,,shreve.com,,,,high,true,true,true,https://www.openstreetmap.org/node/11471910555,2025-03-24T18:31:56Z,Shreve & Co.,+1 650 327 2211,https://shreve.com/,129,Stanford Shopping Center,Palo Alto,94304,,37.4430451,-122.1719237
998e51cdc0ce,2026-09-30-r1,2026-09-30,retail,bicycle,name,Electric Bike Center,,,,,Electric Bike Center,high,true,false,true,https://www.openstreetmap.org/node/11471924912,2023-12-31T03:07:56Z,Electric Bike Center,,https://www.electricbikeca.com,2123,El Camino Real,Palo Alto,,,37.4269402,-122.1479954
bab18dc5de93,2026-09-30-r1,2026-09-30,retail,hardware,phone,+1-650-948-1089,16509481089,,,,,high,true,true,true,https://www.openstreetmap.org/node/4894442882,2019-02-18T22:39:41Z,Bruce Bauer Lumber & Supply,+1-650-948-1089,https://www.brucebauer.com/,134,San Antonio Circle,Mountain View,94040,,37.4089008,-122.1101605
135738333b62,2026-09-30-r1,2026-09-30,retail,books,phone,+1-650-323-7822,16503237822,,,,,high,true,true,false,https://www.openstreetmap.org/way/78759069,2025-11-07T19:02:25Z,Bell's Books,+1-650-323-7822,https://www.bellsbooks.com/,536,Emerson Street,Palo Alto,,,37.4440617,-122.1622507
594dce396b82,2026-09-30-r1,2026-09-30,retail,fabric,address,1326 South Mary Avenue,,,1326,South Mary Avenue,,high,true,true,false,https://www.openstreetmap.org/node/1843364389,2025-11-07T19:01:40Z,The Granary,+1-408-735-9830,https://thegranaryquilts.com/,1326,South Mary Avenue,Sunnyvale,94087,,37.3511781,-122.0494761
37e8f908d3ec,2026-09-30-r1,2026-09-30,retail,outdoor,website,mvsurplus.com,,mvsurplus.com,,,,high,true,true,true,https://www.openstreetmap.org/node/2159976696,2018-05-06T00:01:11Z,Mountain View Surplus,+1-650-969-7700,http://mvsurplus.com/,1299,West El Camino Real,Mountain View,,,37.3881451,-122.0892409
5d2c0fb6081f,2026-09-30-r1,2026-09-30,retail,bicycle,name,Palo Alto Bicycles,,,,,Palo Alto Bicycles,high,true,true,true,https://www.openstreetmap.org/node/13412735401,2026-04-22T04:35:15Z,Palo Alto Bicycles,+1 650 3287411,https://www.paloaltobicycles.com/,171,University Avenue,Palo Alto,94301,,37.4445599,-122.1631525
e58e447446e0,2026-09-30-r1,2026-09-30,retail,bicycle,name,Bicycle Exchange - Silicon Valley,,,,,Bicycle Exchange - Silicon Valley,high,true,false,true,https://www.openstreetmap.org/node/7034429446,2023-12-29T04:41:40Z,Bicycle Exchange - Silicon Valley,+1 650-691-5989,https://bikex.org/,3961,East Bayshore Road,Palo Alto,94303,,37.4304319,-122.1027276
e5ce0039bf87,2026-09-30-r1,2026-09-30,retail,books,website,comicsconspiracy.biz,,comicsconspiracy.biz,,,,high,true,true,true,https://www.openstreetmap.org/node/13086123270,2025-08-21T03:58:55Z,Comics Conspiracy,+1 408-245-6275,https://comicsconspiracy.biz,913,West El Camino Real,Sunnyvale,94087,,37.371386,-122.0443694
703641a8f910,2026-09-30-r1,2026-09-30,retail,furniture,address,935 El Camino Real,,,935,El Camino Real,,high,true,true,false,https://www.openstreetmap.org/way/111762126,2025-11-07T19:02:25Z,LeatherLeather,+1-650-617-0220,https://www.leatherfurnitureca.com/,935,El Camino Real,Palo Alto,,,37.4523532,-122.1810943
305445020669,2026-09-30-r1,2026-09-30,retail,gift,phone,+1-650-810-1031,16508101031,,,,,high,true,false,true,https://www.openstreetmap.org/node/5808278678,2024-08-29T18:24:56Z,CHM Store,+1-650-810-1031,https://computerhistory.org/cafe-and-store/,1401,North Shoreline Boulevard,Mountain View,94043,,37.4143088,-122.0776259
b32c346333c7,2026-09-30-r1,2026-09-30,retail,furniture,address,89 Pioneer Way,,,89,Pioneer Way,,high,true,true,false,https://www.openstreetmap.org/node/5033319116,2017-08-13T23:56:06Z,Desk Depot,+1-650-969-3100,https://www.deskdepot.net/,89,Pioneer Way,Mountain View,,,37.3887971,-122.0662715
fed1bcfef10f,2026-09-30-r1,2026-09-30,retail,florist,website,villageflowershoppe.net,,villageflowershoppe.net,,,,high,true,true,true,https://www.openstreetmap.org/node/1432284453,2026-05-20T05:55:56Z,Village Flower Shop,+1 650-328-5992,https://www.villageflowershoppe.net,2237,El Camino Real,Palo Alto,,,37.426019,-122.1469406
2e50e6eceb75,2026-09-30-r1,2026-09-30,retail,furniture,name,Interior Door Replacement Company,,,,,Interior Door Replacement Company,medium,true,false,false,https://www.openstreetmap.org/node/4666636713,2019-02-18T22:43:39Z,Interior Door Replacement Company,,https://www.interiordoor.com/,300,Pioneer Way,Mountain View,94041,,37.3871458,-122.0679736
6dfd6de7d6c1,2026-09-30-r1,2026-09-30,retail,hardware,website,kitchensbymeyer.com,,kitchensbymeyer.com,,,,medium,true,false,false,https://www.openstreetmap.org/way/250610757,2019-07-01T07:13:29Z,Meyer Appliances,,http://kitchensbymeyer.com,861,East El Camino Real,Mountain View,94040,,37.3750612,-122.0609113
c92098a2b9a1,2026-09-30-r1,2026-09-30,retail,books,address,121 South Murphy Avenue,,,121,South Murphy Avenue,,medium,true,false,false,https://www.openstreetmap.org/node/2235551631,2023-11-19T03:03:24Z,Leigh's Favorite Books,,https://www.leighsbooks.com,121,South Murphy Avenue,Sunnyvale,94086,,37.3772831,-122.0301928
e4f0e794055f,2026-09-30-r1,2026-09-30,retail,books,name,Lobby Shop,,,,,Lobby Shop,medium,true,false,false,https://www.openstreetmap.org/node/8701153698,2023-11-13T21:07:08Z,Lobby Shop,,https://www.mvlibraryfriends.org/sales/lobby-shop.htm,585,Franklin Street,Mountain View,94043,,37.3903223,-122.0836197
9b566fbfa617,2026-09-30-r1,2026-09-30,retail,hardware,phone,+1-650-969-8665,16509698665,,,,,low,false,false,false,https://www.openstreetmap.org/node/1548325994,2025-11-07T19:01:35Z,Yardbird Equipment,+1-650-969-8665,,2532,Old Middlefield Way,Mountain View,94043,,37.4155817,-122.1009831
ab7f284a54d0,2026-09-30-r1,2026-09-30,retail,gift,address,442 Oakmead Parkway,,,442,Oakmead Parkway,,low,false,false,false,https://www.openstreetmap.org/node/9309915229,2021-12-04T04:36:25Z,Waiter.com Gift Shop,,https://www.waiter.com/takeout-delivery/waitercomgiftshop/sunnyvale-ca/442-oakmead-parkway/info-reviews,442,Oakmead Parkway,Sunnyvale,94085,,37.3822955,-121.9876163
72708d711291,2026-09-30-r1,2026-09-30,clothing,clothes,website,lpetal.com,,lpetal.com,,,,high,true,true,false,https://www.openstreetmap.org/node/1350903588,2025-11-15T04:01:54Z,Leaf & Petal,+1-650-329-8070,https://www.lpetal.com/,439,South California Avenue,Palo Alto,94306,,37.4258836,-122.1449706
d22273ce2bf0,2026-09-30-r1,2026-09-30,clothing,shoes,address,711 Sunnyvale-Saratoga Road,,,711,Sunnyvale-Saratoga Road,,medium,true,false,false,https://www.openstreetmap.org/node/2625232585,2023-11-13T21:15:05Z,Beck's Shoes,+1 408 245 1745,https://www.beckshoes.com/,711,Sunnyvale-Saratoga Road,Sunnyvale,,,37.3675807,-122.0336122
fe949d6e8593,2026-09-30-r1,2026-09-30,clothing,clothes,name,Therapy,,,,,Therapy,medium,true,false,false,https://www.openstreetmap.org/node/1578531184,2026-07-01T01:17:44Z,Therapy,+1-650-691-1186,https://therapystores.com/,250,Castro Street,Mountain View,,,37.3931799,-122.0796211
d4d7272c211b,2026-09-30-r1,2026-09-30,clothing,clothes,address,855 Town and Country Village,,,855,Town and Country Village,,medium,true,false,false,https://www.openstreetmap.org/node/1642124882,2023-12-31T03:07:56Z,Pact,,https://wearpact.com/,855,Town and Country Village,Palo Alto,94301,,37.4385075,-122.1604719
972aabc6b577,2026-09-30-r1,2026-09-30,clothing,clothes,name,Alo,,,,,Alo,medium,true,false,false,https://www.openstreetmap.org/node/6487045422,2023-12-31T03:07:56Z,Alo,,https://aloyoga.com,180,El Camino Real,Palo Alto,94304,,37.4440052,-122.1704373
e5f9e0d397fd,2026-09-30-r1,2026-09-30,clothing,shoes,phone,+1-650-323-0409,16503230409,,,,,medium,true,false,false,https://www.openstreetmap.org/node/1729778805,2025-11-15T04:01:54Z,The Cobblery,+1-650-323-0409,https://www.thecobblery.com/,410,South California Avenue,Palo Alto,94306,,37.4265529,-122.1448945
7225780a6a92,2026-09-30-r1,2026-09-30,services,dry_cleaning,address,580 North Rengstorff Avenue,,,580,North Rengstorff Avenue,,high,true,false,true,https://www.openstreetmap.org/node/4731463678,2019-02-18T22:40:22Z,Green & Fresh Cleaners,,https://greenandfreshcleaners.com/,580,North Rengstorff Avenue,Mountain View,94043,,37.4108215,-122.0940914
3d6b6f8a17a8,2026-09-30-r1,2026-09-30,services,laundry,website,sudzcoinlaundryca.com,,sudzcoinlaundryca.com,,,,high,true,false,true,https://www.openstreetmap.org/node/8622669171,2021-04-12T16:38:59Z,Sudz Coin Laundry,,https://www.sudzcoinlaundryca.com/,124,East Fremont Avenue,Sunnyvale,94087,,37.3511992,-122.0313661
dda26f6c3479,2026-09-30-r1,2026-09-30,services,tailor,phone,+1-650-444-5533,16504445533,,,,,high,true,true,true,https://www.openstreetmap.org/node/13977025879,2026-07-01T07:21:05Z,Thread Theory,+1-650-444-5533,https://threadtheorytailoring.com,607,West Dana Street,Mountain View,,,37.3917086,-122.0779
c2c0578468bc,2026-09-30-r1,2026-09-30,services,dry_cleaning,name,Charleston Cleaners,,,,,Charleston Cleaners,high,true,true,true,https://www.openstreetmap.org/way/231481682,2018-01-28T23:57:04Z,Charleston Cleaners,+1-650-424-1113,https://charlestoncleaners.info/,3900,Middlefield Road,Palo Alto,94303,,37.4194519,-122.1102535
34390c877f11,2026-09-30-r1,2026-09-30,services,copyshop,address,1136 West Evelyn Avenue,,,1136,West Evelyn Avenue,,high,true,true,true,https://www.openstreetmap.org/node/4400612139,2016-09-14T04:04:35Z,Prodigy Press,+1 408-962-0396,http://www.prodigypress.com/,1136,West Evelyn Avenue,Sunnyvale,94086,,37.3845113,-122.0502466
310f8c15009d,2026-09-30-r1,2026-09-30,services,tailor,phone,+1-650-329-1789,16503291789,,,,,high,true,true,true,https://www.openstreetmap.org/node/1761722262,2025-12-03T03:37:13Z,Savannah Tailoring,+1-650-329-1789,https://www.savannahtailoring.com/,101,South California Avenue,Palo Alto,94036,,37.42841,-122.1426708
b1bd123ed3f3,2026-09-30-r1,2026-09-30,services,copyshop,name,Pine Press Copying and Printing,,,,,Pine Press Copying and Printing,high,true,false,true,https://www.openstreetmap.org/node/1843364367,2019-02-17T17:59:35Z,Pine Press Copying and Printing,,https://pinepress.com/,1330,South Mary Avenue,Sunnyvale,94087,,37.3510327,-122.0494746
5e7c21ca0d32,2026-09-30-r1,2026-09-30,services,travel_agency,phone,+1-650-321-1801,16503211801,,,,,low,false,false,false,https://www.openstreetmap.org/node/1755264003,2025-11-07T19:01:35Z,United Travel,+1-650-321-1801,,401,Town and Country Village,Palo Alto,94301,,37.4392103,-122.158656
dd5e6f289958,2026-09-30-r1,2026-09-30,services,dry_cleaning,name,Designer's Tailoring,,,,,Designer's Tailoring,low,false,false,false,https://www.openstreetmap.org/node/1432280516,2023-12-31T03:07:56Z,Designer's Tailoring,+1 650-321-1570,,2119,El Camino Real,Palo Alto,,,37.4269775,-122.148016
690dba7d4be7,2026-09-30-r1,2026-09-30,services,funeral_home,address,799 Castro Street,,,799,Castro Street,,low,false,false,false,https://www.openstreetmap.org/way/206011315,2026-07-10T01:27:44Z,Spangler Mortuary,,https://spanglermortuary.com/53/Mountain-View-Chapel.html,799,Castro Street,Mountain View,94041,,37.3871346,-122.0827857
f7957bd9d2c6,2026-09-30-r1,2026-09-30,services,dry_cleaning,phone,+1-408-830-0094,14088300094,,,,,low,false,false,false,https://www.openstreetmap.org/node/2663431838,2025-11-07T19:01:40Z,Saigon Cleaners,+1-408-830-0094,,1034,East El Camino Real,Sunnyvale,94087,,37.3513964,-122.005393
ea7d0a832b59,2026-09-30-r1,2026-09-30,services,travel_agency,name,Ideal Holidays,,,,,Ideal Holidays,low,false,false,false,https://www.openstreetmap.org/node/2199918430,2013-03-17T19:19:07Z,Ideal Holidays,+1 650 938 0128,,357,Castro Street,Mountain View,,,37.3917366,-122.0800571
b4e91059075a,2026-09-30-r1,2026-09-30,services,tailor,address,257 Castro Street,,,257,Castro Street,,low,false,false,false,https://www.openstreetmap.org/node/2217335585,2026-06-30T06:42:55Z,Center Tailoring & Alterations,+1 650-965-5526,,257,Castro Street,Mountain View,,,37.3931001,-122.0792217
0c374ab3f62a,2026-09-30-r1,2026-09-30,services,photo,name,SmugMug,,,,,SmugMug,low,false,false,false,https://www.openstreetmap.org/node/3742260675,2025-11-07T19:01:44Z,SmugMug,+1-863-496-4105,http://www.smugmug.com/,67,East Evelyn Avenue,Mountain View,94041,,37.3904649,-122.067235
5cc2a76d71c3,2026-09-30-r1,2026-09-30,services,dry_cleaning,phone,+1-650-327-3168,16503273168,,,,,low,false,false,false,https://www.openstreetmap.org/way/164029407,2025-11-15T04:01:54Z,Norge Village Cleaners,+1-650-327-3168,,240,South California Avenue,Palo Alto,94306,,37.4280698,-122.1437648
088707f89d95,2026-09-30-r1,2026-09-30,auto,car_repair,phone,+1 650-249-4921,16502494921,,,,,high,true,true,true,https://www.openstreetmap.org/node/5780671819,2024-08-27T22:48:15Z,Dean's Automotive,+1 650-249-4921,https://www.deansautomotive.com/,2037,Old Middlefield Way,Mountain View,94043,,37.414137,-122.0915553
322ad4111da5,2026-09-30-r1,2026-09-30,auto,car_repair,address,810 Miramonte Avenue,,,810,Miramonte Avenue,,high,true,true,true,https://www.openstreetmap.org/way/585992720,2018-05-06T00:01:11Z,Shoreline Auto Care,+1-650-937-1000,https://shorelineautocare.com/,810,Miramonte Avenue,Mountain View,,,37.3876524,-122.0887303
87203d579bc9,2026-09-30-r1,2026-09-30,auto,car_wash,website,zipthrucarwashes.com,,zipthrucarwashes.com,,,,high,true,true,true,https://www.openstreetmap.org/way/387468700,2026-07-15T06:13:08Z,Zip Thru Express Car Wash,+1-844-947-8478,https://zipthrucarwashes.com/sunnyvale/,905,East El Camino Real,Sunnyvale,94087,,37.3533409,-122.0135663
a5e9a5898bee,2026-09-30-r1,2026-09-30,auto,car_repair,name,B2 Perfection Auto Body,,,,,B2 Perfection Auto Body,high,true,false,true,https://www.openstreetmap.org/node/1685188744,2023-11-13T21:07:22Z,B2 Perfection Auto Body,,https://www.b2perfection.com/,150,North Wolfe Road,Sunnyvale,,,37.3759313,-122.0133724
a0173d6adc3a,2026-09-30-r1,2026-09-30,auto,car_repair,phone,+1 650-493-8600,16504938600,,,,,high,true,true,true,https://www.openstreetmap.org/node/2398606822,2024-09-10T18:40:43Z,The Car Doctor Tire Pros,+1 650-493-8600,https://www.cardoctortirepros.com/,710,San Antonio Avenue,Palo Alto,,,37.4166787,-122.1028024
1357f44eb0cd,2026-09-30-r1,2026-09-30,auto,car_wash,website,familythriftycw.com,,familythriftycw.com,,,,high,true,false,true,https://www.openstreetmap.org/way/240545865,2023-06-22T21:31:49Z,Family Thrifty Carwash,,https://www.familythriftycw.com/,975,Bay Street,Mountain View,,,37.3805234,-122.0748842
a04d8169ad6f,2026-09-30-r1,2026-09-30,auto,car_repair,name,MiD European Auto Service,,,,,MiD European Auto Service,high,true,false,true,https://www.openstreetmap.org/node/5327261649,2026-05-07T11:54:35Z,MiD European Auto Service,,https://midautoservice.com/,1155,Reed Avenue,Sunnyvale,94086,,37.3675667,-121.9967965
99c57a2eb49b,2026-09-30-r1,2026-09-30,auto,car_repair,address,1932 Old Middlefield Way,,,1932,Old Middlefield Way,,high,true,false,true,https://www.openstreetmap.org/node/5579657224,2023-11-13T21:16:47Z,Mountain View Body Shop,,https://www.mountainviewautobodycenter.com/,1932,Old Middlefield Way,Mountain View,,,37.4146429,-122.088865
df9e5327534e,2026-09-30-r1,2026-09-30,auto,car_repair,address,1240 West El Camino Real,,,1240,West El Camino Real,,high,true,true,true,https://www.openstreetmap.org/node/3400312486,2025-12-05T04:29:20Z,Quiksmog,+1-408-773-1878,https://smogtestsunnyvale.com/,1240,West El Camino Real,Sunnyvale,94087,,37.3742644,-122.0584097
90e449dc4ddb,2026-09-30-r1,2026-09-30,auto,car_repair,name,Sunnyvale Foreign Car Service,,,,,Sunnyvale Foreign Car Service,high,true,true,true,https://www.openstreetmap.org/node/4344726935,2019-02-18T22:43:40Z,Sunnyvale Foreign Car Service,+1-650-960-6988,https://www.sunnyvaleforeigncar.com/,15,Pioneer Way,Mountain View,,,37.3896916,-122.065539
b7561302bb65,2026-09-30-r1,2026-09-30,auto,tyres,phone,+1-408-738-1960,14087381960,,,,,high,true,true,true,https://www.openstreetmap.org/way/219673956,2025-12-05T04:29:20Z,S&S Tire and Auto Repair,+1-408-738-1960,https://sstireandautorepair.com/,597,South Murphy Avenue,Sunnyvale,,,37.3687281,-122.0333002
624e86424752,2026-09-30-r1,2026-09-30,auto,car_repair,website,goldenwestcollision.com,,goldenwestcollision.com,,,,medium,true,false,false,https://www.openstreetmap.org/way/222923659,2023-11-13T21:05:41Z,Golden West Collision Center,+1-800-673-9981,https://www.goldenwestcollision.com/,970,West Evelyn Avenue,Sunnyvale,94086,,37.3821911,-122.0439911
e2eab8f4a9c2,2026-09-30-r1,2026-09-30,auto,car_repair,phone,+1-650-964-8096,16509648096,,,,,medium,true,false,false,https://www.openstreetmap.org/node/5579657233,2018-04-26T04:10:14Z,Mountain View Auto Interiors,+1-650-964-8096,https://mountainviewautointeriors.com/,1900,Old Middlefield Way,Mountain View,,,37.4145407,-122.0870841
30a02f4dc19e,2026-09-30-r1,2026-09-30,auto,car_repair,website,carclinic.com,,carclinic.com,,,,medium,true,false,false,https://www.openstreetmap.org/way/205673768,2026-07-14T08:13:49Z,Car Clinic,,http://www.carclinic.com/,181,West Evelyn Avenue,Mountain View,94041,,37.391452,-122.0707416
589db08b683c,2026-09-30-r1,2026-09-30,auto,car_repair,address,83 Pioneer Way,,,83,Pioneer Way,,medium,true,false,false,https://www.openstreetmap.org/node/4344691499,2017-08-13T23:56:07Z,Advanced Auto Repair,,http://www.advanced-automotive.com/,83,Pioneer Way,Mountain View,,,37.389177,-122.0657669
3ebec74400d5,2026-09-30-r1,2026-09-30,auto,car_repair,name,Anchor Auto Body,,,,,Anchor Auto Body,medium,true,false,false,https://www.openstreetmap.org/way/231404119,2013-07-27T01:39:06Z,Anchor Auto Body,+1-408-737-8673,http://anchorauto.com/,1028,West Evelyn Avenue,Sunnyvale,94086,,37.3833064,-122.0465399
237c55b27161,2026-09-30-r1,2026-09-30,auto,car_dealer,address,966 East El Camino Real,,,966,East El Camino Real,,low,false,false,false,https://www.openstreetmap.org/node/2663431860,2020-04-10T08:45:44Z,Sunnyvale Preowned,+1-408-243-6868,http://sunnyvalepreowned.com,966,East El Camino Real,Sunnyvale,,,37.3518387,-122.0104339
097bb605339d,2026-09-30-r1,2026-09-30,auto,car_repair,name,Smog 4 Less,,,,,Smog 4 Less,low,false,false,false,https://www.openstreetmap.org/way/232375537,2025-11-07T19:02:35Z,Smog 4 Less,+1-650-383-7664,,3508,El Camino Real,Palo Alto,,,37.4186269,-122.1344927
f32715925d58,2026-09-30-r1,2026-09-30,auto,car_parts,phone,+1-650-964-2584,16509642584,,,,,medium,true,false,false,https://www.openstreetmap.org/node/5612876562,2018-05-12T03:33:48Z,Speed Lingerie,+1-650-964-2584,http://www.speedlingerie.com/,1917,Old Middlefield Way,Mountain View,,,37.4138035,-122.087886
3e5a1278d2da,2026-09-30-r1,2026-09-30,auto,car_dealer,website,innovativesalesandleasing.com,,innovativesalesandleasing.com,,,,medium,true,false,false,https://www.openstreetmap.org/node/4885268324,2023-11-13T21:17:50Z,Innovative Sales and Leasing,,https://www.innovativesalesandleasing.com/,1350,Pear Avenue,Mountain View,,,37.4159616,-122.0763203
37a38229dbf3,2026-09-30-r1,2026-09-30,entertainment,theatre,phone,+1 408 733 6611,14087336611,,,,,low,false,false,false,https://www.openstreetmap.org/way/61114768,2026-09-15T02:28:00Z,Sunnyvale Theatre,+1 408 733 6611,https://sunnyvale.ca.gov/Departments/CommunityServices/Arts.aspx,550,East Remington Drive,Sunnyvale,94088-3707,,37.3581866,-122.0248493
8ac43de884ac,2026-09-30-r1,2026-09-30,entertainment,cinema,website,stanfordtheatre.org,,stanfordtheatre.org,,,,high,true,false,true,https://www.openstreetmap.org/way/132746428,2026-04-22T04:35:15Z,Stanford Theater,,https://stanfordtheatre.org/,221,University Avenue,Palo Alto,94301,,37.4453599,-122.1628822
35483c730ebe,2026-09-30-r1,2026-09-30,entertainment,museum,name,Palo Alto Junior Museum and Zoo,,,,,Palo Alto Junior Museum and Zoo,high,true,true,true,https://www.openstreetmap.org/way/231246595,2024-04-20T21:06:50Z,Palo Alto Junior Museum and Zoo,+1-650-329-2111,https://www.cityofpaloalto.org/gov/depts/csd/jmz/default.asp,1451,Middlefield Road,Palo Alto,,,37.4434622,-122.1446039
50275cb8e48d,2026-09-30-r1,2026-09-30,entertainment,museum,address,351 Homer Avenue,,,351,Homer Avenue,,high,true,false,true,https://www.openstreetmap.org/way/132666336,2024-08-25T14:55:50Z,Museum of American Heritage,,https://www.moah.org/,351,Homer Avenue,Palo Alto,94301,,37.4444825,-122.157509
8101f4959a5d,2026-09-30-r1,2026-09-30,entertainment,theatre,address,1110 La Avenida Street,,,1110,La Avenida Street,,high,true,false,true,https://www.openstreetmap.org/node/4885268339,2026-07-13T21:39:38Z,Pear Theatre,,https://thepear.org/,1110,La Avenida Street,Mountain View,,,37.413835,-122.0731518
01bf88aa8790,2026-09-30-r1,2026-09-30,entertainment,museum,phone,+1-650-810-1010,16508101010,,,,,high,true,true,true,https://www.openstreetmap.org/way/31012132,2026-01-01T06:10:15Z,Computer History Museum,+1-650-810-1010,https://www.computerhistory.org/,1401,North Shoreline Boulevard,Mountain View,94043,,37.4143116,-122.0773109
c215f5af2c69,2026-09-30-r1,2026-09-30,entertainment,nightclub,name,Pure Nightclub,,,,,Pure Nightclub,high,true,true,false,https://www.openstreetmap.org/way/30908080,2022-03-15T12:40:08Z,Pure Nightclub,+1 408 732 2121,https://purenightclub408.com,146,South Murphy Avenue,Sunnyvale,94086,,37.3768026,-122.0297687
b36e267c3f51,2026-09-30-r1,2026-09-30,entertainment,museum,website,anderson.stanford.edu,,anderson.stanford.edu,,,,high,true,true,true,https://www.openstreetmap.org/way/493811440,2019-05-16T08:12:20Z,Anderson Collection at Stanford University,+1-650-721-6055,https://anderson.stanford.edu/,314,Lomita Drive,Palo Alto,,,37.4337669,-122.1707829
44de55856d64,2026-09-30-r1,2026-09-30,entertainment,museum,name,Sunnyvale Heritage Park Museum,,,,,Sunnyvale Heritage Park Museum,high,true,false,true,https://www.openstreetmap.org/node/8364028860,2024-09-02T01:47:51Z,Sunnyvale Heritage Park Museum,,https://heritageparkmuseum.org/,570,East Remington Drive,Sunnyvale,94087,,37.3564687,-122.0254814
6f5068398dfc,2026-09-30-r1,2026-09-30,entertainment,theatre,phone,+1-650-967-4040,16509674040,,,,,high,true,true,true,https://www.openstreetmap.org/way/23630706,2026-06-30T06:21:04Z,Shoreline Amphitheatre,+1-650-967-4040,https://www.mountainviewamphitheater.com/,1,Amphitheatre Parkway,Mountain View,94043,,37.4268739,-122.0808071
32c56a8f9c8e,2026-09-30-r1,2026-09-30,entertainment,gallery,website,artgallerymenlopark.com,,artgallerymenlopark.com,,,,high,true,false,true,https://www.openstreetmap.org/node/8105582994,2020-11-11T03:19:26Z,Atherton Fine Art,,https://artgallerymenlopark.com/,700,El Camino Real,Palo Alto,94025,,37.451911,-122.1787735
f0dd37216638,2026-09-30-r1,2026-09-30,entertainment,gallery,address,180 University Avenue,,,180,University Avenue,,high,true,false,true,https://www.openstreetmap.org/node/13415065076,2026-04-07T14:58:51Z,Node,,https://nodefoundation.com,180,University Avenue,Palo Alto,94301,,37.4445252,-122.162777
ad581909cd27,2026-09-30-r1,2026-09-30,entertainment,nightclub,website,albertos.com,,albertos.com,,,,high,true,false,true,https://www.openstreetmap.org/node/4837889879,2026-06-30T06:42:55Z,Alberto’s Night Club,,https://www.albertos.com/,736,West Dana Street,Mountain View,94041,,37.392382,-122.0789194
e2e395ba22f7,2026-09-30-r1,2026-09-30,entertainment,arts_centre,name,NorCal Music & Arts Center,,,,,NorCal Music & Arts Center,high,true,true,true,https://www.openstreetmap.org/node/5621056929,2026-07-14T08:02:49Z,NorCal Music & Arts Center,+1-408-777-0740,https://ncmac.net/,761,East El Camino Real,Sunnyvale,,,37.3579964,-122.0191802
18d59cc63d49,2026-09-30-r1,2026-09-30,entertainment,museum,phone,+1-650-329-2506,16503292506,,,,,high,true,true,true,https://www.openstreetmap.org/way/28745328,2025-03-03T21:52:37Z,Lucy Evans Baylands Nature Interpretive Center,+1-650-329-2506,https://www.cityofpaloalto.org/gov/depts/csd/parks/preserves/baylands.asp,2775,Embarcadero Road,Palo Alto,94303,,37.4596315,-122.1063397
4ab6f47621ec,2026-09-30-r1,2026-09-30,entertainment,cinema,address,3000 El Camino Real,,,3000,El Camino Real,,medium,true,false,false,https://www.openstreetmap.org/way/252706924,2019-12-10T20:09:15Z,CineArts Palo Alto Square,+1 650 493 0128,https://www.cinemark.com/theatre-detail.aspx?node_id=1680&showtime_date=,3000,El Camino Real,Palo Alto,,,37.4204974,-122.1415525
c9c6c0326526,2026-09-30-r1,2026-09-30,entertainment,nightclub,website,montecarloniteclub.com,,montecarloniteclub.com,,,,medium,true,false,false,https://www.openstreetmap.org/node/4880847610,2026-07-01T01:17:44Z,Monte Carlo,,http://www.montecarloniteclub.com/,228,Castro Street,Mountain View,,,37.3935438,-122.0794149
b5f6835775ef,2026-09-30-r1,2026-09-30,entertainment,nightclub,address,251 Castro Street,,,251,Castro Street,,low,false,false,false,https://www.openstreetmap.org/way/148028025,2026-06-30T06:42:55Z,Opal,,https://www.opalsocialclub.net/,251,Castro Street,Mountain View,,,37.393099,-122.0790168
4019654fa055,2026-09-30-r1,2026-09-30,entertainment,escape_room,name,Ryptic Room Escape,,,,,Ryptic Room Escape,low,false,false,false,https://www.openstreetmap.org/node/5612903159,2018-05-12T04:04:34Z,Ryptic Room Escape,+1-650-762-5771,https://www.ryptic.com/south-bay-escape-room/,1931,Old Middlefield Way,Mountain View,,,37.4135159,-122.0884681
e31850c76a2f,2026-09-30-r1,2026-09-30,entertainment,gallery,phone,+1 408 746 9905,14087469905,,,,,low,false,false,false,https://www.openstreetmap.org/node/2609866804,2019-02-18T22:42:34Z,Art Time Studios,+1 408 746 9905,https://www.arttimestudios.com/,1233B,South Mary Avenue,Sunnyvale,94087,,37.3542346,-122.0515182
460254d98662,2026-09-30-r1,2026-09-30,schools,music_school,website,rgvocalstudio.com,,rgvocalstudio.com,,,,high,true,false,true,https://www.openstreetmap.org/node/8767283023,2021-05-26T06:54:56Z,Rocio Guitard Vocal Studio,,https://www.rgvocalstudio.com/,897,Independence Avenue,Mountain View,94043,,37.4173963,-122.0958179
ad2c1b889fe9,2026-09-30-r1,2026-09-30,schools,music_school,address,470 East El Camino Real,,,470,East El Camino Real,,high,true,true,true,https://www.openstreetmap.org/node/12756761794,2025-04-15T07:22:34Z,Silicon Valley Second School,+1-408-749-1105,https://www.svsecondschool.com/,470,East El Camino Real,Sunnyvale,94807,,37.3633838,-122.0281203
4820e04776a9,2026-09-30-r1,2026-09-30,schools,music_school,phone,+1-408-600-1866,14086001866,,,,,high,true,true,true,https://www.openstreetmap.org/node/5731405437,2026-07-28T04:55:32Z,Opus 1 Music Studio,+1-408-600-1866,https://opus1musicstudio.com/palo-alto/,3401,El Camino Real,Palo Alto,94306,,37.4196839,-122.1350895
1c321d1b9cac,2026-09-30-r1,2026-09-30,schools,music_school,name,Hope Street Music Studios,,,,,Hope Street Music Studios,high,true,true,true,https://www.openstreetmap.org/node/5802883727,2021-03-06T20:20:46Z,Hope Street Music Studios,+1-650-961-2192,https://www.hopestreetmusicstudios.com/,2224,Old Middlefield Way,Mountain View,94043,,37.4151681,-122.095118
7f9e08a9076b,2026-09-30-r1,2026-09-30,schools,music_school,website,newmozartschool.com,,newmozartschool.com,,,,high,true,false,true,https://www.openstreetmap.org/node/5444088750,2023-12-31T03:07:56Z,New Mozart,,https://www.newmozartschool.com/,2100,West El Camino Real,Palo Alto,,,37.4263363,-122.1479776
fc0c9343e5d5,2026-09-30-r1,2026-09-30,schools,music_school,address,123 South Pastoria Avenue,,,123,South Pastoria Avenue,,high,true,false,true,https://www.openstreetmap.org/way/225470524,2021-04-10T06:05:53Z,MTS Studios,,https://www.mtsstudios.org/,123,South Pastoria Avenue,Sunnyvale,94086,,37.3799022,-122.037866
69c0b93c5a3e,2026-09-30-r1,2026-09-30,schools,driving_school,name,Joy Driving School,,,,,Joy Driving School,medium,true,false,false,https://www.openstreetmap.org/node/5593625906,2022-02-24T19:27:02Z,Joy Driving School,,http://www.joydrivingschool.net/,1901,Old Middlefield Way,Mountain View,94043,,37.4136161,-122.087072
1494b6c4fc5c,2026-09-30-r1,2026-09-30,schools,music_school,address,1901 Old Middlefield Way,,,1901,Old Middlefield Way,,low,false,false,false,https://www.openstreetmap.org/node/5593625907,2018-05-03T04:01:17Z,Craig Batanides Professional Drum Instruction & Performance,,http://craigbatanides.com/,1901,Old Middlefield Way,Mountain View,,,37.4135868,-122.087068
e95fdfb82e35,2026-09-30-r1,2026-09-30,schools,music_school,phone,+1 408-720-1677,14087201677,,,,,low,false,false,false,https://www.openstreetmap.org/node/2224250776,2025-04-11T18:27:29Z,Silicon Valley Classical Guitar School,+1 408-720-1677,,247,South Mathilda Avenue,Sunnyvale,94086,,37.3759329,-122.0349962
f22bda74047b,2026-09-30-r1,2026-09-30,schools,music_school,name,The Music Place,,,,,The Music Place,low,false,false,false,https://www.openstreetmap.org/node/1870746542,2025-09-30T19:09:57Z,The Music Place,+1 408-445-2787,,520,Lawrence Expressway,Sunnyvale,94085,,37.3828199,-121.9952875
