run_id,date,evaluated_at,engine,vertical,n,errors,recall_at_k,mrr_at_k,answer_acc
2026-10-09-r1,2026-10-09,2026-10-09T01:57:01Z,ddgs,all,1,19,1.0,0.2,
2026-10-09-r1,2026-10-09,2026-10-09T01:57:01Z,ddgs,coffee_shops,1,,1.0,0.2,
2026-10-09-r1,2026-10-09,2026-10-09T01:57:43Z,nominatim,all,20,0,0.25,0.225,
2026-10-09-r1,2026-10-09,2026-10-09T01:57:43Z,nominatim,bike_trails,6,,0.1667,0.0833,
2026-10-09-r1,2026-10-09,2026-10-09T01:57:43Z,nominatim,coffee_shops,7,,0.2857,0.2857,
2026-10-09-r1,2026-10-09,2026-10-09T01:57:43Z,nominatim,grocery_produce,7,,0.2857,0.2857,
2026-10-09-r2,2026-10-09,2026-10-09T14:38:58Z,ddgs,all,1,19,1.0,1.0,
2026-10-09-r2,2026-10-09,2026-10-09T14:38:58Z,ddgs,coffee_shops,1,,1.0,1.0,
2026-10-09-r2,2026-10-09,2026-10-09T14:39:41Z,nominatim,all,20,0,0.35,0.35,
2026-10-09-r2,2026-10-09,2026-10-09T14:39:41Z,nominatim,bike_trails,7,,0.2857,0.2857,
2026-10-09-r2,2026-10-09,2026-10-09T14:39:41Z,nominatim,coffee_shops,7,,0.4286,0.4286,
2026-10-09-r2,2026-10-09,2026-10-09T14:39:41Z,nominatim,grocery_produce,6,,0.3333,0.3333,
2026-10-10-r1,2026-10-10,2026-10-10T13:59:42Z,ddgs,all,1,19,1.0,1.0,
2026-10-10-r1,2026-10-10,2026-10-10T13:59:42Z,ddgs,coffee_shops,1,,1.0,1.0,
2026-10-10-r1,2026-10-10,2026-10-10T14:00:23Z,nominatim,all,20,0,0.25,0.2125,
2026-10-10-r1,2026-10-10,2026-10-10T14:00:23Z,nominatim,bike_trails,6,,0.1667,0.0417,
2026-10-10-r1,2026-10-10,2026-10-10T14:00:23Z,nominatim,coffee_shops,7,,0.2857,0.2857,
2026-10-10-r1,2026-10-10,2026-10-10T14:00:23Z,nominatim,grocery_produce,7,,0.2857,0.2857,
