query_id,run_id,date,vertical,category,field,answer,gold_phone_digits,gold_host,gold_housenumber,gold_street,gold_name,gold_length_km,gold_surface,gold_operator,confidence,site_ok,phone_on_site,address_on_site,osm_url,osm_timestamp,entity_kind,entity_name,entity_website,entity_city,entity_lat,entity_lon,entity_phone,entity_housenumber,entity_street,entity_postcode,entity_cuisine,trail_length_km,trail_length_source,trail_surface,trail_operator,trail_from,trail_to,trail_network
8bb173ed4ab0,2026-10-09-r2,2026-10-09,coffee_shops,coffee_shop,address,13 Besselstraße,,,13,Besselstraße,,,,,high,true,false,true,https://www.openstreetmap.org/node/12965192060,2026-09-16T14:09:28Z,business,Akkurat,https://akkurat.cafe/,Berlin,52.5048479,13.394174,,13,Besselstraße,10969,,,,,,,,
22b14bec1557,2026-10-09-r2,2026-10-09,coffee_shops,coffee_shop,website,barista-berlin.de,,barista-berlin.de,,,,,,,high,true,true,true,https://www.openstreetmap.org/node/993801825,2026-09-27T23:18:11Z,business,Barista,http://barista-berlin.de,Berlin,52.5383099,13.4098669,+49 30 48625617,54,Oderberger Straße,10435,,,,,,,,
af9d9889ffef,2026-10-09-r2,2026-10-09,coffee_shops,coffee_shop,name,Caffe Trieste,,,,,Caffe Trieste,,,,high,true,true,true,https://www.openstreetmap.org/node/331389010,2025-11-07T19:01:35Z,business,Caffe Trieste,https://caffetrieste.com/,San Francisco,37.7986732,-122.4072962,+1-415-392-6739,601,Vallejo Street,94133,coffee shop,,,,,,,
ab88767fbf3b,2026-10-09-r2,2026-10-09,coffee_shops,coffee_shop,name,Egen Tied,,,,,Egen Tied,,,,high,true,false,true,https://www.openstreetmap.org/node/1367516641,2026-03-31T20:59:45Z,business,Egen Tied,https://egentied.de/,Berlin,52.5284889,13.3765681,,90,Invalidenstraße,10115,german,,,,,,,
1ebe16647ebb,2026-10-09-r2,2026-10-09,coffee_shops,coffee_shop,phone,+31 20 530 4146,31205304146,,,,,,,,high,true,true,true,https://www.openstreetmap.org/node/2519480521,2023-10-02T12:21:23Z,business,Bistro Berlage,https://www.bistroberlage.com/,Amsterdam,52.3745704,4.8955971,+31 20 530 4146,1,Beursplein,1012JW,,,,,,,,
a29669263899,2026-10-09-r2,2026-10-09,coffee_shops,coffee_shop,address,101 Brouwersgracht,,,101,Brouwersgracht,,,,,high,true,true,true,https://www.openstreetmap.org/node/2524874437,2025-06-27T17:22:02Z,business,Café Tabac,http://www.cafetabac.eu/,Amsterdam,52.3801732,4.8885382,+31 20 622 4413,101,Brouwersgracht,1015GC,,,,,,,,
c2cf5ced26b0,2026-10-09-r2,2026-10-09,coffee_shops,coffee_shop,phone,+44 20 7245 0993,442072450993,,,,,,,,medium,true,false,false,https://www.openstreetmap.org/way/530700233,2017-10-07T01:09:56Z,business,Rococo Chocolates,https://www.rococochocolates.com/pages/belgravia,London,51.4993228,-0.1564362,+44 20 7245 0993,5,Motcomb Street,SW1X 8JU,chocolate,,,,,,,
6adbc3739e8f,2026-10-09-r2,2026-10-09,grocery_produce,grocery_store,website,chefstore.com,,chefstore.com,,,,,,,high,true,true,true,https://www.openstreetmap.org/way/42916777,2026-09-30T08:35:17Z,business,Chef'Store,https://www.chefstore.com/locations/store/san-francisco-586/,San Francisco,37.7705244,-122.4184388,+1-415-864-8284,170,South Van Ness Avenue,94103,,,,,,,,
60bb893246ea,2026-10-09-r2,2026-10-09,grocery_produce,grocery_store,address,73 Beukenweg,,,73,Beukenweg,,,,,high,true,true,false,https://www.openstreetmap.org/node/1300002718,2026-09-29T18:30:59Z,business,Ekodis,https://www.ekodis.nl/,Amsterdam,52.3565968,4.9187424,+31 20 694 6327,73,Beukenweg,1092BB,,,,,,,,
998d00bc2939,2026-10-09-r2,2026-10-09,grocery_produce,grocery_store,name,Indomarkt,,,,,Indomarkt,,,,high,true,false,true,https://www.openstreetmap.org/node/3081225430,2025-08-11T07:21:59Z,business,Indomarkt,https://www.indomarkt.com/,Berlin,52.5425485,13.3695233,,118,Reinickendorfer Straße,,,,,,,,,
7add0160cf87,2026-10-09-r2,2026-10-09,grocery_produce,grocery_store,phone,+49 30 6141075,49306141075,,,,,,,,high,true,true,true,https://www.openstreetmap.org/node/439506670,2025-10-12T19:30:23Z,business,Kraut & Rüben,http://www.kraut-und-rueben-berlin.de/,Berlin,52.5006163,13.4231403,+49 30 6141075,15,Oranienstraße,10999,,,,,,,,
ed638adeb8a4,2026-10-09-r2,2026-10-09,grocery_produce,grocery_store,website,thechelseagrocer.com,,thechelseagrocer.com,,,,,,,high,true,false,true,https://www.openstreetmap.org/way/124030234,2025-07-25T18:59:04Z,business,The Chelsea Grocer,https://thechelseagrocer.com,London,51.4906501,-0.1605931,,2-5,Duke of York Square,SW3 4LY,,,,,,,,
243bd6e0122d,2026-10-09-r2,2026-10-09,grocery_produce,grocery_store,name,LEDO,,,,,LEDO,,,,high,true,false,true,https://www.openstreetmap.org/way/1429504461,2025-09-13T13:58:07Z,business,LEDO,https://www.ledo-supermarkt.de,Berlin,52.4942626,13.3632684,,24-26,Goebenstraße,10783,,,,,,,,
5edd5b3c2527,2026-10-09-r2,2026-10-09,bike_trails,bike_route,operator,Senatsverwaltung für Stadtentwicklung Berlin,,,,,,,,Senatsverwaltung für Stadtentwicklung Berlin,medium,true,false,false,https://www.openstreetmap.org/relation/9030,2026-10-05T12:03:01Z,trail,Berliner Mauerweg,https://www.stiftung-berliner-mauer.de/de/stiftung/karte-der-erinnerungsorte,Berlin,52.6259975,13.322201,,,,,,160.0,tag,,Senatsverwaltung für Stadtentwicklung Berlin,,,rcn
adbd2ff3b0cc,2026-10-09-r2,2026-10-09,bike_trails,bike_path,surface,paved,,,,,,,paved,,medium,,,,https://www.openstreetmap.org/way/367808665,2026-10-07T10:49:17Z,trail,Gray's Inn Road,,London,51.5305234,-0.1218326,,,,,,1.75,path_geometry,asphalt,Transport for London,,,
3138905cabb8,2026-10-09-r2,2026-10-09,bike_trails,bike_path,length,13.1 km (8.1 mi),,,,,,13.07,,,low,,,,https://www.openstreetmap.org/way/172099360,2026-10-01T14:32:01Z,trail,Los Angeles River Bike Path,,Los Angeles,34.1533886,-118.2797891,,,,,,13.07,path_geometry,asphalt,,,,
da66eb979739,2026-10-09-r2,2026-10-09,bike_trails,bike_route,length,4.0 km (2.5 mi),,,,,,4.0,,,medium,,,,https://www.openstreetmap.org/relation/21063237,2026-07-04T10:21:06Z,trail,Singapore River Promenade,,Singapore,1.2896324,103.8476348,,,,,,4.0,relation_geometry,,,,,lcn
60957b482f34,2026-10-09-r2,2026-10-09,bike_trails,bike_path,surface,paved,,,,,,,paved,,medium,,,,https://www.openstreetmap.org/way/32928374,2026-04-25T03:32:00Z,trail,Great Highway Extension,,San Francisco,37.7252579,-122.5033095,,,,,,1.27,path_geometry,asphalt,,,,
f3859eefc9cf,2026-10-09-r2,2026-10-09,bike_trails,bike_route,length,1.3 km (0.8 mi),,,,,,1.26,,,medium,,,,https://www.openstreetmap.org/relation/3821775,2022-10-31T17:01:36Z,trail,Glendon / Tiverton,,Los Angeles,34.064073,-118.4423667,,,,,,1.26,relation_geometry,,,,,lcn
354dca42fa80,2026-10-09-r2,2026-10-09,bike_trails,bike_route,website,radweg-berlin-dresden.de,,radweg-berlin-dresden.de,,,,,,,high,true,false,false,https://www.openstreetmap.org/relation/20429646,2026-09-04T08:53:21Z,trail,Radweg Berlin-Dresden [BE],https://www.radweg-berlin-dresden.de/,Berlin,52.4983881,13.44696,,,,,,32.51,relation_geometry,,ADFC Sachsen,Berlin,Landesgrenze Berlin/Brandenburg,rcn
