run_id,date,vertical,n_queries,n_fresh,pool_stable,pool_fresh,fields,cities
2026-09-30-r1,2026-09-30,restaurants,20,6,211,6,address:5;name:5;phone:6;website:4,mountain_view;palo_alto;sunnyvale
2026-09-30-r1,2026-09-30,food_drink,20,4,62,4,address:5;name:5;phone:4;website:6,mountain_view;palo_alto;sunnyvale
2026-09-30-r1,2026-09-30,lodging,19,0,19,0,address:5;name:6;phone:6;website:2,mountain_view;palo_alto;sunnyvale
2026-09-30-r1,2026-09-30,personal_care,20,5,144,5,address:5;name:5;phone:5;website:5,mountain_view;palo_alto;sunnyvale
2026-09-30-r1,2026-09-30,health,20,2,95,2,address:5;name:5;phone:5;website:5,mountain_view;palo_alto;sunnyvale
2026-09-30-r1,2026-09-30,retail,20,0,24,0,address:6;name:5;phone:4;website:5,mountain_view;palo_alto;sunnyvale
2026-09-30-r1,2026-09-30,clothing,6,0,6,0,address:2;name:2;phone:1;website:1,mountain_view;palo_alto;sunnyvale
2026-09-30-r1,2026-09-30,services,15,0,15,0,address:4;name:5;phone:5;website:1,mountain_view;palo_alto;sunnyvale
2026-09-30-r1,2026-09-30,auto,20,0,44,0,address:5;name:5;phone:5;website:5,mountain_view;palo_alto;sunnyvale
2026-09-30-r1,2026-09-30,entertainment,20,1,20,1,address:5;name:5;phone:5;website:5,mountain_view;palo_alto;sunnyvale
2026-09-30-r1,2026-09-30,makers,0,0,0,0,,mountain_view;palo_alto;sunnyvale
2026-09-30-r1,2026-09-30,schools,10,0,10,0,address:3;name:3;phone:2;website:2,mountain_view;palo_alto;sunnyvale
2026-09-30-r2,2026-09-30,restaurants,20,6,476,11,address:5;name:5;phone:5;website:5,boston
2026-09-30-r2,2026-09-30,food_drink,20,6,239,11,address:5;name:5;phone:5;website:5,boston
2026-09-30-r2,2026-09-30,lodging,20,0,34,0,address:5;name:5;phone:5;website:5,boston
2026-09-30-r2,2026-09-30,personal_care,20,4,132,4,address:5;name:5;phone:5;website:5,boston
2026-09-30-r2,2026-09-30,health,20,4,64,4,address:5;name:5;phone:5;website:5,boston
2026-09-30-r2,2026-09-30,retail,20,5,97,5,address:5;name:5;phone:5;website:5,boston
2026-09-30-r2,2026-09-30,clothing,20,0,68,0,address:5;name:5;phone:5;website:5,boston
2026-09-30-r2,2026-09-30,services,20,0,39,0,address:5;name:6;phone:6;website:3,boston
2026-09-30-r2,2026-09-30,auto,14,1,13,1,address:5;name:4;phone:3;website:2,boston
2026-09-30-r2,2026-09-30,entertainment,20,4,82,4,address:5;name:5;phone:5;website:5,boston
2026-09-30-r2,2026-09-30,makers,6,0,6,0,address:1;name:2;phone:2;website:1,boston
2026-09-30-r2,2026-09-30,schools,9,0,9,0,address:3;name:2;phone:2;website:2,boston
